,FL07-A,FL08-A,FL10-A,FL09-A,FL11-A,FL06-A,FL05-A,FL04-A,FL03-A,FL00-A,FL01-A,FL02-A,FL16-A,FL15-A,FL17-A,FL18-A,FL13-A,FL14-A,FL12-A,FL23-A,FL22-A,FL21-A,FL19-A,FL20-A,FL37-A,FL36-A,FL38-A,FL39-A,FL42-A,FL41-A,FL40-A,FL31-A,FL32-A,FL34-A,FL33-A,FL35-A,FL24-A,FL26-A,FL25-A,FL28-A,FL27-A,FL30-A,FL29-A,FL46-A,FL47-A,FL43-A,FL45-A,FL44-A,FL48-A,FL49-A,FL50-A
BV711,0.002169423,0.011591701,0.007502703,0.007072503,0.006301145,0.003577224,0.00153416,0.000408693,0.000691116,0.033055124,0.569823435,0.089030895,0.181866487,0.07428637,0.051253749,0.023540505,0.011933072,0.003680598,0.000733716,0.000488002,0.016713801,1,0.327677964,0.299280154,0.000146895,0.000186667,-6.35E-05,-2.27E-05,0.001019744,0.081584352,0.022103603,3.57E-05,1.66E-05,5.55E-05,8.73E-05,0.000528602,0.00785351,0.039779184,0.042492736,0.058396616,0.007845919,0.001410529,-4.46E-05,0.01141329,0.186975545,0.382116068,0.250625544,0.168298393,5.75E-05,1.05E-05,2.65E-05
PerCP,0.0154729,0.003652848,0.001799275,0.003719481,0.009458351,0.010750388,0.004924627,0.003930433,0.002114052,0.431173734,0.143445294,0.007723994,0.001869899,0.000909603,-0.002141361,0.001863874,0.003100813,0.00195585,0.001414373,0.000841299,0.208463924,0.119209139,0.07652563,0.02092817,0.000886037,0.002336118,0.000101491,0.000630943,1,0.275232025,0.092223841,-2.94E-06,-5.10E-06,0.000417594,-0.00030246,0.363560374,0.396322413,0.141189508,0.086843637,0.2618307,0.011710571,0.003210613,0.000145046,0.095246716,0.021464186,0.020147633,0.034729045,0.007212499,6.85E-05,0.000358345,-0.000449745
